{"Autoloader":"C:\\wamp\\www\\mvc\/packages\/core\/class\/\\autoloader.class.php","AutoloadCacheManager":"C:\\wamp\\www\\mvc\/packages\/core\/class\/\\autoloader.class.php","JsonFileCache":"C:\\wamp\\www\\mvc\/packages\/core\/class\/\\autoloader.class.php","NotStandardInclude":"C:\\wamp\\www\\mvc\/packages\/core\/class\/\\autoloader.class.php","UnfoundClass":"C:\\wamp\\www\\mvc\/packages\/core\/class\/\\autoloader.class.php","Controller":"C:\\wamp\\www\\mvc\/packages\/core\/class\/\\controller.class.php","PDO2":"C:\\wamp\\www\\mvc\/packages\/core\/class\/\\pdo.class.php","Router":"C:\\wamp\\www\\mvc\/packages\/core\/class\/\\router.class.php","Translation":"C:\\wamp\\www\\mvc\/packages\/core\/class\/\\translation.class.php","Error":"C:\\wamp\\www\\mvc\/packages\/app\/controller\/\\error.class.php","Home":"C:\\wamp\\www\\mvc\/packages\/app\/controller\/\\home.class.php","Twig_Autoloader":"C:\\wamp\\www\\mvc\/packages\/core\/vendor\/\\Twig\\lib\\Twig\\Autoloader.php","Twig_Environment":"C:\\wamp\\www\\mvc\/packages\/core\/vendor\/\\Twig\\lib\\Twig\\Environment.php","Twig_Loader_Filesystem":"C:\\wamp\\www\\mvc\/packages\/core\/vendor\/\\Twig\\lib\\Twig\\Loader\\Filesystem.php","Twig_LoaderInterface":"C:\\wamp\\www\\mvc\/packages\/core\/vendor\/\\Twig\\lib\\Twig\\LoaderInterface.php","Twig_ExistsLoaderInterface":"C:\\wamp\\www\\mvc\/packages\/core\/vendor\/\\Twig\\lib\\Twig\\ExistsLoaderInterface.php","Twig_Extension_Core":"C:\\wamp\\www\\mvc\/packages\/core\/vendor\/\\Twig\\lib\\Twig\\Extension\\Core.php","Twig_Extension":"C:\\wamp\\www\\mvc\/packages\/core\/vendor\/\\Twig\\lib\\Twig\\Extension.php","Twig_ExtensionInterface":"C:\\wamp\\www\\mvc\/packages\/core\/vendor\/\\Twig\\lib\\Twig\\ExtensionInterface.php","Twig_Extension_Escaper":"C:\\wamp\\www\\mvc\/packages\/core\/vendor\/\\Twig\\lib\\Twig\\Extension\\Escaper.php","Twig_Extension_Optimizer":"C:\\wamp\\www\\mvc\/packages\/core\/vendor\/\\Twig\\lib\\Twig\\Extension\\Optimizer.php","Twig_Extension_Staging":"C:\\wamp\\www\\mvc\/packages\/core\/vendor\/\\Twig\\lib\\Twig\\Extension\\Staging.php","Twig_Lexer":"C:\\wamp\\www\\mvc\/packages\/core\/vendor\/\\Twig\\lib\\Twig\\Lexer.php","Twig_LexerInterface":"C:\\wamp\\www\\mvc\/packages\/core\/vendor\/\\Twig\\lib\\Twig\\LexerInterface.php","Twig_TokenParserBroker":"C:\\wamp\\www\\mvc\/packages\/core\/vendor\/\\Twig\\lib\\Twig\\TokenParserBroker.php","Twig_TokenParserBrokerInterface":"C:\\wamp\\www\\mvc\/packages\/core\/vendor\/\\Twig\\lib\\Twig\\TokenParserBrokerInterface.php","Twig_SimpleFilter":"C:\\wamp\\www\\mvc\/packages\/core\/vendor\/\\Twig\\lib\\Twig\\SimpleFilter.php","Twig_SimpleFunction":"C:\\wamp\\www\\mvc\/packages\/core\/vendor\/\\Twig\\lib\\Twig\\SimpleFunction.php","Twig_SimpleTest":"C:\\wamp\\www\\mvc\/packages\/core\/vendor\/\\Twig\\lib\\Twig\\SimpleTest.php","Twig_TokenParser_For":"C:\\wamp\\www\\mvc\/packages\/core\/vendor\/\\Twig\\lib\\Twig\\TokenParser\\For.php","Twig_TokenParser":"C:\\wamp\\www\\mvc\/packages\/core\/vendor\/\\Twig\\lib\\Twig\\TokenParser.php","Twig_TokenParserInterface":"C:\\wamp\\www\\mvc\/packages\/core\/vendor\/\\Twig\\lib\\Twig\\TokenParserInterface.php","Twig_TokenParser_If":"C:\\wamp\\www\\mvc\/packages\/core\/vendor\/\\Twig\\lib\\Twig\\TokenParser\\If.php","Twig_TokenParser_Extends":"C:\\wamp\\www\\mvc\/packages\/core\/vendor\/\\Twig\\lib\\Twig\\TokenParser\\Extends.php","Twig_TokenParser_Include":"C:\\wamp\\www\\mvc\/packages\/core\/vendor\/\\Twig\\lib\\Twig\\TokenParser\\Include.php","Twig_TokenParser_Block":"C:\\wamp\\www\\mvc\/packages\/core\/vendor\/\\Twig\\lib\\Twig\\TokenParser\\Block.php","Twig_TokenParser_Use":"C:\\wamp\\www\\mvc\/packages\/core\/vendor\/\\Twig\\lib\\Twig\\TokenParser\\Use.php","Twig_TokenParser_Filter":"C:\\wamp\\www\\mvc\/packages\/core\/vendor\/\\Twig\\lib\\Twig\\TokenParser\\Filter.php","Twig_TokenParser_Macro":"C:\\wamp\\www\\mvc\/packages\/core\/vendor\/\\Twig\\lib\\Twig\\TokenParser\\Macro.php","Twig_TokenParser_Import":"C:\\wamp\\www\\mvc\/packages\/core\/vendor\/\\Twig\\lib\\Twig\\TokenParser\\Import.php","Twig_TokenParser_From":"C:\\wamp\\www\\mvc\/packages\/core\/vendor\/\\Twig\\lib\\Twig\\TokenParser\\From.php","Twig_TokenParser_Set":"C:\\wamp\\www\\mvc\/packages\/core\/vendor\/\\Twig\\lib\\Twig\\TokenParser\\Set.php","Twig_TokenParser_Spaceless":"C:\\wamp\\www\\mvc\/packages\/core\/vendor\/\\Twig\\lib\\Twig\\TokenParser\\Spaceless.php","Twig_TokenParser_Flush":"C:\\wamp\\www\\mvc\/packages\/core\/vendor\/\\Twig\\lib\\Twig\\TokenParser\\Flush.php","Twig_TokenParser_Do":"C:\\wamp\\www\\mvc\/packages\/core\/vendor\/\\Twig\\lib\\Twig\\TokenParser\\Do.php","Twig_TokenParser_Embed":"C:\\wamp\\www\\mvc\/packages\/core\/vendor\/\\Twig\\lib\\Twig\\TokenParser\\Embed.php","Twig_ExpressionParser":"C:\\wamp\\www\\mvc\/packages\/core\/vendor\/\\Twig\\lib\\Twig\\ExpressionParser.php","Twig_TokenParser_AutoEscape":"C:\\wamp\\www\\mvc\/packages\/core\/vendor\/\\Twig\\lib\\Twig\\TokenParser\\AutoEscape.php","Twig_NodeVisitor_Escaper":"C:\\wamp\\www\\mvc\/packages\/core\/vendor\/\\Twig\\lib\\Twig\\NodeVisitor\\Escaper.php","Twig_NodeVisitorInterface":"C:\\wamp\\www\\mvc\/packages\/core\/vendor\/\\Twig\\lib\\Twig\\NodeVisitorInterface.php","Twig_NodeVisitor_SafeAnalysis":"C:\\wamp\\www\\mvc\/packages\/core\/vendor\/\\Twig\\lib\\Twig\\NodeVisitor\\SafeAnalysis.php","Twig_NodeVisitor_Optimizer":"C:\\wamp\\www\\mvc\/packages\/core\/vendor\/\\Twig\\lib\\Twig\\NodeVisitor\\Optimizer.php","Twig_Token":"C:\\wamp\\www\\mvc\/packages\/core\/vendor\/\\Twig\\lib\\Twig\\Token.php","Twig_TokenStream":"C:\\wamp\\www\\mvc\/packages\/core\/vendor\/\\Twig\\lib\\Twig\\TokenStream.php","Twig_Parser":"C:\\wamp\\www\\mvc\/packages\/core\/vendor\/\\Twig\\lib\\Twig\\Parser.php","Twig_ParserInterface":"C:\\wamp\\www\\mvc\/packages\/core\/vendor\/\\Twig\\lib\\Twig\\ParserInterface.php","Twig_Node_Expression_Constant":"C:\\wamp\\www\\mvc\/packages\/core\/vendor\/\\Twig\\lib\\Twig\\Node\\Expression\\Constant.php","Twig_Node_Expression":"C:\\wamp\\www\\mvc\/packages\/core\/vendor\/\\Twig\\lib\\Twig\\Node\\Expression.php","Twig_Node":"C:\\wamp\\www\\mvc\/packages\/core\/vendor\/\\Twig\\lib\\Twig\\Node.php","Twig_NodeInterface":"C:\\wamp\\www\\mvc\/packages\/core\/vendor\/\\Twig\\lib\\Twig\\NodeInterface.php","Twig_Node_Text":"C:\\wamp\\www\\mvc\/packages\/core\/vendor\/\\Twig\\lib\\Twig\\Node\\Text.php","Twig_NodeOutputInterface":"C:\\wamp\\www\\mvc\/packages\/core\/vendor\/\\Twig\\lib\\Twig\\NodeOutputInterface.php","Twig_Node_Block":"C:\\wamp\\www\\mvc\/packages\/core\/vendor\/\\Twig\\lib\\Twig\\Node\\Block.php","Twig_Node_Body":"C:\\wamp\\www\\mvc\/packages\/core\/vendor\/\\Twig\\lib\\Twig\\Node\\Body.php","Twig_Node_BlockReference":"C:\\wamp\\www\\mvc\/packages\/core\/vendor\/\\Twig\\lib\\Twig\\Node\\BlockReference.php","Twig_Node_Module":"C:\\wamp\\www\\mvc\/packages\/core\/vendor\/\\Twig\\lib\\Twig\\Node\\Module.php","Twig_NodeTraverser":"C:\\wamp\\www\\mvc\/packages\/core\/vendor\/\\Twig\\lib\\Twig\\NodeTraverser.php","Twig_Compiler":"C:\\wamp\\www\\mvc\/packages\/core\/vendor\/\\Twig\\lib\\Twig\\Compiler.php","Twig_CompilerInterface":"C:\\wamp\\www\\mvc\/packages\/core\/vendor\/\\Twig\\lib\\Twig\\CompilerInterface.php","Twig_Template":"C:\\wamp\\www\\mvc\/packages\/core\/vendor\/\\Twig\\lib\\Twig\\Template.php","Twig_TemplateInterface":"C:\\wamp\\www\\mvc\/packages\/core\/vendor\/\\Twig\\lib\\Twig\\TemplateInterface.php","Twig_Node_Expression_Name":"C:\\wamp\\www\\mvc\/packages\/core\/vendor\/\\Twig\\lib\\Twig\\Node\\Expression\\Name.php","Twig_Node_Print":"C:\\wamp\\www\\mvc\/packages\/core\/vendor\/\\Twig\\lib\\Twig\\Node\\Print.php","Twig_Node_Spaceless":"C:\\wamp\\www\\mvc\/packages\/core\/vendor\/\\Twig\\lib\\Twig\\Node\\Spaceless.php","Twig_Node_Expression_Filter":"C:\\wamp\\www\\mvc\/packages\/core\/vendor\/\\Twig\\lib\\Twig\\Node\\Expression\\Filter.php","Twig_Node_Expression_Call":"C:\\wamp\\www\\mvc\/packages\/core\/vendor\/\\Twig\\lib\\Twig\\Node\\Expression\\Call.php","User":"C:\\wamp\\www\\mvc\/packages\/app\/controller\/\\user.class.php","Test":"C:\\wamp\\www\\mvc\/packages\/app\/model\/\\test.class.php","Twig_Error":"C:\\wamp\\www\\mvc\/packages\/core\/vendor\/\\Twig\\lib\\Twig\\Error.php","Twig_Filter":"C:\\wamp\\www\\mvc\/packages\/core\/vendor\/\\Twig\\lib\\Twig\\Filter.php","Twig_FilterCallableInterface":"C:\\wamp\\www\\mvc\/packages\/core\/vendor\/\\Twig\\lib\\Twig\\FilterCallableInterface.php","Twig_FilterInterface":"C:\\wamp\\www\\mvc\/packages\/core\/vendor\/\\Twig\\lib\\Twig\\FilterInterface.php","Twig_Function":"C:\\wamp\\www\\mvc\/packages\/core\/vendor\/\\Twig\\lib\\Twig\\Function.php","Twig_FunctionCallableInterface":"C:\\wamp\\www\\mvc\/packages\/core\/vendor\/\\Twig\\lib\\Twig\\FunctionCallableInterface.php","Twig_FunctionInterface":"C:\\wamp\\www\\mvc\/packages\/core\/vendor\/\\Twig\\lib\\Twig\\FunctionInterface.php","Twig_Markup":"C:\\wamp\\www\\mvc\/packages\/core\/vendor\/\\Twig\\lib\\Twig\\Markup.php","Twig_Test":"C:\\wamp\\www\\mvc\/packages\/core\/vendor\/\\Twig\\lib\\Twig\\Test.php","Twig_TestCallableInterface":"C:\\wamp\\www\\mvc\/packages\/core\/vendor\/\\Twig\\lib\\Twig\\TestCallableInterface.php","Twig_TestInterface":"C:\\wamp\\www\\mvc\/packages\/core\/vendor\/\\Twig\\lib\\Twig\\TestInterface.php","Twig_Error_Loader":"C:\\wamp\\www\\mvc\/packages\/core\/vendor\/\\Twig\\lib\\Twig\\Error\\Loader.php","Twig_Error_Runtime":"C:\\wamp\\www\\mvc\/packages\/core\/vendor\/\\Twig\\lib\\Twig\\Error\\Runtime.php","Twig_Error_Syntax":"C:\\wamp\\www\\mvc\/packages\/core\/vendor\/\\Twig\\lib\\Twig\\Error\\Syntax.php","Twig_Extension_Debug":"C:\\wamp\\www\\mvc\/packages\/core\/vendor\/\\Twig\\lib\\Twig\\Extension\\Debug.php","Twig_Extension_Sandbox":"C:\\wamp\\www\\mvc\/packages\/core\/vendor\/\\Twig\\lib\\Twig\\Extension\\Sandbox.php","Twig_Extension_StringLoader":"C:\\wamp\\www\\mvc\/packages\/core\/vendor\/\\Twig\\lib\\Twig\\Extension\\StringLoader.php","Twig_Filter_Function":"C:\\wamp\\www\\mvc\/packages\/core\/vendor\/\\Twig\\lib\\Twig\\Filter\\Function.php","Twig_Filter_Method":"C:\\wamp\\www\\mvc\/packages\/core\/vendor\/\\Twig\\lib\\Twig\\Filter\\Method.php","Twig_Filter_Node":"C:\\wamp\\www\\mvc\/packages\/core\/vendor\/\\Twig\\lib\\Twig\\Filter\\Node.php","Twig_Function_Function":"C:\\wamp\\www\\mvc\/packages\/core\/vendor\/\\Twig\\lib\\Twig\\Function\\Function.php","Twig_Function_Method":"C:\\wamp\\www\\mvc\/packages\/core\/vendor\/\\Twig\\lib\\Twig\\Function\\Method.php","Twig_Function_Node":"C:\\wamp\\www\\mvc\/packages\/core\/vendor\/\\Twig\\lib\\Twig\\Function\\Node.php","Twig_Loader_Array":"C:\\wamp\\www\\mvc\/packages\/core\/vendor\/\\Twig\\lib\\Twig\\Loader\\Array.php","Twig_Loader_Chain":"C:\\wamp\\www\\mvc\/packages\/core\/vendor\/\\Twig\\lib\\Twig\\Loader\\Chain.php","Twig_Loader_String":"C:\\wamp\\www\\mvc\/packages\/core\/vendor\/\\Twig\\lib\\Twig\\Loader\\String.php","Twig_Node_AutoEscape":"C:\\wamp\\www\\mvc\/packages\/core\/vendor\/\\Twig\\lib\\Twig\\Node\\AutoEscape.php","Twig_Node_Do":"C:\\wamp\\www\\mvc\/packages\/core\/vendor\/\\Twig\\lib\\Twig\\Node\\Do.php","Twig_Node_Embed":"C:\\wamp\\www\\mvc\/packages\/core\/vendor\/\\Twig\\lib\\Twig\\Node\\Embed.php","Twig_Node_Flush":"C:\\wamp\\www\\mvc\/packages\/core\/vendor\/\\Twig\\lib\\Twig\\Node\\Flush.php","Twig_Node_For":"C:\\wamp\\www\\mvc\/packages\/core\/vendor\/\\Twig\\lib\\Twig\\Node\\For.php","Twig_Node_ForLoop":"C:\\wamp\\www\\mvc\/packages\/core\/vendor\/\\Twig\\lib\\Twig\\Node\\ForLoop.php","Twig_Node_If":"C:\\wamp\\www\\mvc\/packages\/core\/vendor\/\\Twig\\lib\\Twig\\Node\\If.php","Twig_Node_Import":"C:\\wamp\\www\\mvc\/packages\/core\/vendor\/\\Twig\\lib\\Twig\\Node\\Import.php","Twig_Node_Include":"C:\\wamp\\www\\mvc\/packages\/core\/vendor\/\\Twig\\lib\\Twig\\Node\\Include.php","Twig_Node_Macro":"C:\\wamp\\www\\mvc\/packages\/core\/vendor\/\\Twig\\lib\\Twig\\Node\\Macro.php","Twig_Node_Sandbox":"C:\\wamp\\www\\mvc\/packages\/core\/vendor\/\\Twig\\lib\\Twig\\Node\\Sandbox.php","Twig_Node_SandboxedModule":"C:\\wamp\\www\\mvc\/packages\/core\/vendor\/\\Twig\\lib\\Twig\\Node\\SandboxedModule.php","Twig_Node_SandboxedPrint":"C:\\wamp\\www\\mvc\/packages\/core\/vendor\/\\Twig\\lib\\Twig\\Node\\SandboxedPrint.php","Twig_Node_Set":"C:\\wamp\\www\\mvc\/packages\/core\/vendor\/\\Twig\\lib\\Twig\\Node\\Set.php","Twig_Node_SetTemp":"C:\\wamp\\www\\mvc\/packages\/core\/vendor\/\\Twig\\lib\\Twig\\Node\\SetTemp.php","Twig_Node_Expression_Array":"C:\\wamp\\www\\mvc\/packages\/core\/vendor\/\\Twig\\lib\\Twig\\Node\\Expression\\Array.php","Twig_Node_Expression_GetAttr":"C:\\wamp\\www\\mvc\/packages\/core\/vendor\/\\Twig\\lib\\Twig\\Node\\Expression\\GetAttr.php"}